Complexity,Loss,Equation
1,9.430835e19,"-1.0504398e8"
3,5.516505e19,"(1.8783493e11 * x0)"
5,416668.4,"((8.987742e9 / x1) * x0)"
7,342603.25,"(((89779.03 / x1) * 100109.59) * x0)"
