Complexity,Loss,Equation
1,1.07470666e-19,"x1"
5,1.2231249e-22,"(x1 * (x0 * -0.9114111))"
