Complexity,Loss,Equation
1,1.147977,"0.9077935"
3,0.05358701,"(0.42451513 * x0)"
5,0.010331029,"(x0 / (2.130475 + x1))"
7,8.2223135e-12,"(x0 / (x1 - (-2.0000045 - x1)))"
11,1.19015295e-14,"(x0 / ((((x0 + x0) / x0) + x1) + x1))"
15,5.7766232e-15,"(x0 / (((((x0 + x0) + x1) - x1) / x0) + (x1 + x1)))"
