Complexity,Loss,Equation
1,1.9360317e-23,"4.400036e-12"
3,0.0,"(-0.01626549 - -0.01626549)"
