Complexity,Loss,Equation
1,0.0031275842,"0.029814938"
3,0.00043317216,"(0.017861106 * x0)"
5,2.0313134e-17,"(0.0026543625 * (x0 * x0))"
