Complexity,Loss,Equation
1,8.5274637e-13,"4.853355e-7"
3,8.527462e-13,"(-1.4598982e-6 / -3.0101943)"
