Complexity,Loss,Equation
1,0.7291267,"x1"
3,0.6084009,"(x1 * 2.0555363)"
5,4.198974e-15,"(x1 * (9.80665 * x0))"
