Complexity,Loss,Equation
1,8.027781e-20,"-1.1641532e-10"
3,4.3944642e-20,"(x0 - x0)"
