Complexity,Loss,Equation
1,119.11448,"0.043472257"
3,3.0075841e-13,"(x0 * x1)"
