Complexity,Loss,Equation
1,0.010422386,"0.047643702"
3,2.7620805e-17,"(x1 * x0)"
